jenefir, 20
aaj, 45
kul, 6
snowfall, 2
dekhnay, 4
gae, 81
howe, 27
thee, 293
wok, 2
akele, 6
he, 146
woh, 321
apnay, 60
karoorpati, 2
baap, 36
ke, 539
ekloti, 3
bete, 22
apna, 38
helicopter, 2
thaa, 175
us, 262
kay, 783
paas, 17
aik, 206
din, 171
padal, 3
chalti, 4
kafi, 25
agay, 6
nikal, 26
achanak, 27
barfani, 2
tofaan, 2
shoro, 23
hu, 97
gya, 103
phir, 143
usay, 23
kuch, 119
khoosh, 3
na, 174
reha, 33
aankh, 9
khuli, 5
tu, 379
khud, 30
ko, 628
bed, 16
pay, 43
paya, 15
nay, 243
dekha, 76
nele, 2
aankho, 10
wala, 17
larka, 26
upper, 7
juka, 2
howa, 72
aur, 347
haath, 3
apni, 155
garm, 9
saanso, 2
say, 430
kernay, 25
koshish, 14
ker, 151
uth, 13
baeth, 7
larkay, 13
poacha, 15
tum, 149
koun, 7
bataya, 19
mere, 75
yaha, 7
job, 9
hai, 254
main, 530
ghar, 182
tarf, 11
aaa, 34
tumhay, 10
sarak, 3
beyhoosh, 4
lay, 45
aaya, 25
saath, 38
kosnay, 2
laga, 83
larki, 57
ka, 545
kya, 38
kaam, 26
itne, 21
door, 12
akelay, 2
aey, 13
joseph, 26
ghussay, 4
kaha, 230
jantay, 2
nahi, 190
kiss, 7
meray, 42
dad, 5
jasay, 4
kae, 5
mulazim, 2
rakhay, 5
howay, 18
hain, 61
jatkay, 2
khara, 15
keya, 24
aab, 28
sofay, 8
baethay, 2
aap, 56
dolat, 9
bataey, 4
ussay, 40
koe, 25
dilchaspi, 6
baray, 17
sunay, 4
raat, 54
bedroom, 12
eklotay, 3
single, 2
laet, 8
per, 155
letnay, 4
sari, 16
chotay, 3
totat, 2
neend, 5
aaye, 15
sobo, 5
su, 3
jub, 96
khana, 19
banaya, 9
dekh, 60
mou, 6
bana, 25
leya, 23
paet, 2
dozakh, 2
burnay, 2
liyay, 38
baadil, 4
nakhaasta, 2
khaa, 2
pehlay, 22
leaqin, 66
khanch, 2
uthaaya, 3
letay, 2
waha, 4
sao, 2
ge, 37
dekhta, 5
dono, 95
kholi, 5
dosray, 14
baaho, 11
kub, 11
jaag, 2
re, 16
ajeeb, 9
sa, 28
ehsaas, 4
mehsoos, 7
dil, 80
chaah, 4
youn, 8
rehay, 9
kholtay, 2
baahir, 14
gomnay, 2
phirnay, 2
chala, 50
bahir, 38
balo, 5
gay, 87
zinda, 4
bachay, 8
goli, 3
chalnay, 2
awaz, 34
sub, 46
baag, 4
sir, 13
goad, 3
uthnay, 2
kaeh, 13
uthou, 2
jaan, 12
mera, 48
pehla, 7
pyar, 22
maat, 2
choro, 2
abhi, 30
galay, 8
lug, 7
boli, 27
be, 93
eik, 172
gawon, 6
mein, 478
kisan, 48
raha, 104
karta, 42
tha, 372
woo, 157
bhut, 74
gareeb, 8
bhar, 12
kheethi, 2
bari, 35
beeta, 11
hut, 8
choota, 2
hath, 33
nhi, 82
bata, 8
sakta, 36
bara, 20
hoo, 87
gaya, 123
bhi, 227
apny, 71
walid, 9
sath, 104
kheetoon, 2
kam, 65
karny, 26
ki, 591
bivi, 15
achi, 21
reham, 1
thi, 124
in, 75
doonon, 3
buhat, 8
khayal, 18
rakhti, 6
halat, 12
phely, 21
ky, 88
muqably, 1
bhetar, 1
ho, 190
thy, 58
zamenoon, 1
hi, 121
darya, 10
jiss, 16
si, 19
machlian, 2
thein, 15
fasal, 6
tayar, 4
hoti, 27
hisa, 1
zaroor, 8
dalta, 1
thamachlian, 1
duwaein, 1
deti, 5
thiwoo, 1
machliun, 3
rakhta, 6
beety, 13
kar, 466
sy, 57
machli, 5
uchal, 1
a, 93
giri, 3
ne, 682
yeh, 147
aya, 53
or, 437
pakar, 7
dal, 13
diya, 122
jan, 18
bach, 6
jany, 8
khush, 68
hoie, 6
tamam, 14
madad, 19
faisala, 1
liya, 45
fassal, 1
liye, 114
pani, 42
istemal, 1
leny, 4
hoien, 1
gaein, 8
itny, 4
terta, 1
baks, 2
dekhaie, 1
diyajo, 1
taraf, 23
khool, 3
uss, 148
khazana, 3
khazany, 2
sara, 20
majra, 4
sunaya, 3
pa, 6
howy, 18
milny, 5
waja, 20
ameer, 10
gayor, 2
har, 13
waqat, 19
allah, 22
shukar, 5
ada, 9
ski, 26
iss, 247
nawaza, 3
mehnat, 11
issy, 51
sila, 2
milla, 3
joo, 2
tuhfy, 1
hamesha, 20
achy, 7
chahy, 14
dosroon, 2
karni, 11
aleena, 2
ejaz, 1
shahmeer, 14
bun, 5
professor, 2
betay, 8
thay, 94
susar, 2
mutaabiq, 4
bohat, 54
un, 84
maa, 60
foat, 2
mujhay, 55
hujla, 1
e, 43
aroosi, 1
pohanchaya, 1
geya, 12
anay, 4
unhu, 19
shaed, 1
mujh, 25
mohabbat, 50
kerain, 2
unhay, 5
dene, 12
ba, 8
lagay, 12
bulkay, 7
business, 8
kertay, 13
ju, 13
mukhtalif, 5
mulko, 2
phaela, 1
kungun, 1
rekh, 2
ajnabi, 3
lehjay, 2
bolay, 2
ronumae, 1
tuhfa, 2
laey, 2
pehna, 3
dejay, 1
sorry, 3
bola, 39
chalay, 4
change, 4
aao, 6
kharay, 3
honay, 17
kehnay, 10
aurar, 1
zaat, 7
sakht, 7
nufrat, 1
mari, 6
kissi, 28
mashooq, 1
shadi, 64
sirf, 24
majboor, 9
munzil, 4
kamyaab, 1
career, 2
man, 12
toor, 6
aurat, 2
grandfather, 1
bunay, 5
khwaahish, 1
baatain, 6
sun, 38
khaas, 2
herangi, 2
kyoun, 15
sort, 1
haal, 5
waqt, 30
andaza, 9
taak, 11
khawahish, 4
zaahir, 3
university, 22
milnay, 2
aatay, 8
dekhtay, 2
es, 36
hotay, 1
baazo, 2
aurtay, 1
jasi, 5
hote, 13
umer, 46
bur, 5
wafadaar, 1
rehna, 7
zindagi, 31
murd, 1
nazar, 27
uthaa, 1
dekho, 6
en, 7
fazool, 2
bato, 1
shoak, 5
aankhain, 8
beeg, 1
rahi, 46
baar, 20
khoon, 6
aanso, 5
ru, 1
armano, 1
guzartay, 1
pehlu, 1
late, 5
masoor, 1
chehra, 2
guzarta, 4
rokhay, 1
rawaeyay, 1
baawajood, 2
maah, 6
baad, 63
khoobsorat, 6
mil, 28
humshakal, 1
janam, 1
deya, 35
kaan, 3
i, 9
love, 4
you, 6
apne, 57
belon, 1
ghass, 8
kat, 7
dhoop, 1
se, 342
ghabra, 6
jhari, 2
roti, 17
khane, 6
gidar, 20
nikla, 9
bhai, 33
rehy, 19
kha, 16
hun, 42
ajazi, 1
mujhe, 36
bi, 39
kehlao, 1
zaror, 5
khao, 3
bare, 23
maze, 10
hay, 226
ye, 113
lo, 10
maza, 5
to, 175
zara, 8
batao, 4
kese, 14
milti, 2
pehly, 12
zamin, 4
tarhan, 19
tyar, 6
karo, 9
tokte, 1
hoyr, 1
jaye, 16
gi, 64
pure, 1
bat, 6
kehne, 15
do, 41
mian, 69
pehle, 15
tumhein, 31
anaj, 2
bona, 3
pare, 11
ga, 121
khushi, 28
doom, 1
hila, 2
acha, 47
guse, 7
kahan, 9
intezar, 11
karma, 14
sardi, 3
mosam, 1
guzre, 2
tab, 9
kahin, 4
april, 1
may, 2
mahene, 3
zaban, 2
chatte, 1
hoye, 14
rottian, 1
jayein, 3
gein, 1
umeedon, 1
par, 75
perte, 1
sawal, 8
peda, 2
hota, 37
fasl, 1
katni, 1
is, 201
ghathe, 1
bane, 2
hawa, 4
bhosa, 2
urana, 1
bad, 29
chach, 1
phatakna, 1
ja, 61
rotian, 1
milein, 2
gien, 1
barhe, 4
besabre, 1
gale, 3
borion, 2
bharna, 1
chaki, 1
le, 37
jana, 17
jab, 79
ata, 9
ab, 62
gin, 4
gundana, 1
aag, 3
jala, 1
kart, 4
awe, 1
oper, 1
rakhna, 1
lambe, 1
saans, 3
lete, 8
ha, 11
nab, 1
batein, 5
panje, 1
khujane, 1
itni, 19
koi, 98
asan, 2
tarkeeb, 5
agar, 24
khani, 2
yehi, 3
tarika, 1
mooft, 1
samne, 15
medan, 3
ghora, 2
khas, 3
char, 13
use, 6
ghore, 3
pas, 23
pohncha, 4
tujhe, 1
chahata, 9
khora, 1
muskura, 1
barhi, 2
aiteraz, 1
magar, 17
paon, 5
nal, 1
jarhe, 1
tumhare, 21
muhn, 2
lagein, 1
gain, 24
keh, 15
diye, 16
kidar, 1
jese, 17
kareeb, 8
zor, 5
dolati, 1
tare, 1
aa, 40
gye, 21
rota, 2
hoa, 48
bhag, 6
itafak, 1
wohi, 19
raste, 6
muft, 1
pata, 32
chal, 26
nida, 7
bohot, 45
dosti, 11
class, 19
sharartein, 2
sarwar, 5
dost, 51
teeno, 2
her, 69
any, 5
waly, 11
bachy, 28
tang, 17
peesh, 3
hoty, 4
masoom, 4
bacha, 12
amir, 6
thaphely, 1
tarah, 36
unhoon, 9
talibalam, 1
kiya, 75
lakin, 54
jawab, 33
teenoo, 2
hirangi, 1
baat, 112
wo, 46
rooz, 3
tareeqon, 1
ussy, 24
karty, 14
thylakin, 1
halki, 1
muskurahat, 1
chahry, 2
saja, 2
leta, 5
bolta, 2
thawoo, 2
baz, 2
aty, 4
ly, 14
nikli, 5
li, 26
teezi, 4
serhian, 2
utar, 10
larky, 13
nadeem, 1
kandha, 1
dy, 3
mara, 8
utarti, 1
zoor, 5
dar, 13
dhaka, 1
sehriuon, 1
behosh, 3
gai, 95
hathon, 1
lams, 1
mehsos, 10
ankhein, 4
kholny, 1
hospital, 4
thori, 12
dair, 25
dada, 19
mama, 1
papa, 3
behen, 6
btaoo, 3
mujhy, 26
yahan, 17
kuon, 22
laya, 5
jaldi, 16
hy, 17
principal, 5
room, 2
btaya, 14
zakhmi, 5
serhiuon, 1
sahara, 4
warna, 3
hansi, 9
hamara, 4
group, 5
shamil, 7
manzoor, 2
bilkul, 11
doono, 11
yak, 1
boly, 8
jo, 68
mafi, 8
mang, 4
rahy, 27
hein, 62
dosry, 12
paki, 1
bus, 6
bachoo, 4
kisi, 58
badtameezi, 1
karoo, 8
tumhary, 5
jay, 14
garmion, 2
chottian, 2
shuru, 12
kune, 18
pur, 2
fayeda, 1
uthaya, 10
sidra, 33
sab, 49
doston, 7
mila, 11
ilan, 1
larkian, 2
masla, 6
yah, 3
eke, 6
ache, 6
tareke, 2
guzrain, 1
tahira, 8
hum, 67
dostein, 1
murree, 2
chalein, 4
tayba, 5
theek, 12
sakte, 6
charon, 2
ammi, 21
abu, 49
aysha, 3
kehti, 13
meri, 42
khala, 9
lahore, 4
chalet, 1
darasal, 7
behne, 3
jabke, 1
taiba, 7
rahti, 4
thien, 2
charoon, 18
zabar, 1
dast, 1
paper, 2
ajj, 3
kal, 4
roob, 1
dalny, 2
chakroon, 1
jubky, 3
ayesha, 6
matric, 1
farig, 2
hoi, 30
iedea, 1
cheikh, 2
n, 2
ahum, 1
pass, 50
gawoon, 1
aj, 26
waisy, 4
aam, 10
mossam, 1
bagh, 3
khali, 4
han, 21
ami, 25
hamein, 7
dein, 6
wafat, 1
samjhti, 3
paish, 2
bolein, 3
chaloo, 6
log, 23
ijazat, 1
lein, 10
janty, 2
hony, 7
kami, 7
mehsoso, 1
karti, 16
jati, 17
agly, 4
phunch, 9
dakhil, 8
amoon, 2
shoor, 2
machana, 1
shuroo, 10
rahny, 6
doo, 18
garmi, 1
sham, 12
hoein, 3
hukka, 1
pee, 7
dadi, 5
amma, 2
lasi, 4
dekhoo, 3
kitny, 3
mazy, 3
dai, 2
glass, 1
peish, 1
kiye, 7
passand, 2
nak, 1
charhana, 1
chup, 21
chap, 4
loo, 4
abi, 2
shair, 7
bhijwa, 1
doon, 8
marti, 2
khany, 6
mehroon, 1
hona, 5
hansna, 2
shairi, 1
kaisy, 6
rah, 11
leti, 6
dahi, 1
kahati, 1
makhan, 1
kahana, 1
bnaya, 1
aram, 4
kamry, 9
chali, 18
gaien, 5
unhoo, 2
masjid, 4
speaker, 1
lan, 3
arif, 1
beti, 17
afefa, 1
la, 7
milly, 4
fooran, 2
waldain, 7
itla, 2
kary, 9
lakh, 6
rupy, 1
inam, 6
thandi, 2
ahh, 1
bhari, 3
chuthi, 3
jooo, 1
ghaib, 3
afsos, 2
police, 4
bary, 13
hamari, 2
saki, 5
khul, 5
karein, 10
khuch, 2
btaoon, 1
sharminda, 4
hamary, 1
chudhary, 3
haweli, 6
teen, 16
saal, 44
pheely, 1
abad, 2
o, 14
khurram, 1
guzar, 21
haan, 7
ulad, 1
bhury, 1
time, 8
katal, 3
logon, 13
kafan, 1
dafan, 1
intezam, 2
inn, 9
dafna, 2
tala, 2
sall, 1
guzra, 8
essha, 1
nimaz, 1
hawli, 1
mard, 7
urat, 6
chekhny, 1
laogon, 1
bula, 4
under, 7
wahan, 31
aseeb, 1
baseera, 1
udhar, 7
jata, 31
abb, 11
phichly, 1
bachian, 1
issi, 10
gait, 6
bachi, 9
samjh, 6
kia, 74
maghrib, 1
azan, 1
wapis, 39
farigh, 1
sony, 4
bolikuon, 1
bachiun, 3
lagta, 17
taluk, 3
esa, 13
dekhty, 4
akhar, 6
mamla, 2
jao, 16
idhar, 6
hoon, 28
issrar, 1
chalna, 2
para, 15
soo, 8
darwazy, 2
lagaya, 6
kuthi, 1
chall, 1
pary, 5
kamray, 9
awazein, 7
sunein, 2
wahein, 2
ruk, 1
shaid, 16
boola, 1
eshrat, 1
zaroorat, 4
mala, 1
maal, 1
jaein, 2
agy, 12
zeshan, 1
qabza, 2
sakoon, 1
ussi, 13
hawweli, 1
bhair, 1
aein, 3
mobile, 11
phone, 14
donoo, 1
giraftar, 1
bachiuon, 1
bheej, 9
shukryia, 1
add, 1
talah, 1
smuggler, 1
sochny, 3
lagichaloo, 1
neik, 2
subha, 7
uthi, 1
heer, 1
ay, 5
chupi, 2
rustam, 1
darpook, 1
sach, 7
much, 2
bhadur, 1
muon, 2
dhoo, 2
aoo, 1
milna, 3
chahty, 3
tub, 17
pocha, 17
tukry, 3
dewani, 1
aneeq, 13
perhta, 1
pora, 2
department, 2
awara, 1
mashhoor, 2
behan, 30
perti, 4
perhti, 1
bhaee, 13
kartoto, 1
kataabo, 1
dunya, 5
gum, 4
pasand, 15
kerti, 15
kabih, 13
shareef, 3
ayaash, 2
dosto, 4
dakhaya, 1
shamaali, 2
alaqajaat, 1
trip, 14
maheena, 1
tayaariyan, 1
de, 33
tenu, 4
baapo, 1
bigray, 1
ayaashi, 1
kerna, 11
shaeva, 1
fikar, 6
walo, 11
duraan, 3
sharab, 3
peni, 1
kasay, 5
aesh, 1
kerni, 2
schedule, 1
tamaam, 1
students, 1
groups, 1
diyay, 7
jatay, 8
rozana, 3
gantay, 1
ganto, 3
merzi, 4
goom, 1
samaet, 2
khub, 2
rung, 1
rulya, 2
manaata, 1
gul, 4
khilaata, 1
janay, 12
bajaey, 1
walay, 11
ander, 12
enjoy, 5
jaey, 13
tesray, 1
kaesay, 1
plan, 3
samjha, 8
clerk, 3
paesay, 1
day, 28
qadam, 4
office, 18
wali, 16
karkyo, 1
line, 2
aakhir, 5
khari, 5
washroom, 2
band, 20
idea, 1
dosra, 4
baari, 1
neem, 2
pagal, 10
jis, 46
zayaati, 1
ghair, 4
waldaen, 2
chahyay, 3
bacho, 5
bejay, 1
ya, 21
aesi, 2
jaga, 12
jaha, 2
larkya, 1
akathay, 4
pertay, 2
rawana, 6
sathion, 2
bichare, 1
ise, 18
takreban, 1
ghante, 1
chuke, 2
the, 59
bhook, 7
bora, 1
halt, 2
khata, 3
rehta, 10
bardast, 1
karte, 19
kaien, 2
khante, 1
sakar, 1
karne, 26
khargost, 1
pecha, 1
who, 43
mapne, 1
bechar, 2
kahani, 17
likhni, 2
shuri, 1
kit, 3
sonai, 3
di, 32
shahid, 7
beta, 24
frij, 1
aata, 10
oh, 1
kabhi, 25
sakon, 2
likhne, 2
dia, 14
dobara, 14
lekhne, 1
bath, 1
akhir, 17
himat, 3
age, 3
janab, 5
likhna, 1
gaflat, 1
kahein, 7
chalana, 1
daein, 2
ek, 62
kowna, 1
dakhai, 1
ceekh, 1
sunai, 8
jhank, 3
nechy, 4
shahzadi, 29
jahein, 1
tak, 29
pohnchy, 3
darwaze, 3
ghanti, 3
darwaza, 12
kholo, 2
khola, 4
shaista, 2
inteha, 1
rehi, 12
kun, 4
nanne, 2
pyare, 1
shella, 3
saaf, 5
wahin, 6
bathi, 1
jahan, 9
lekh, 1
janta, 14
lag, 14
adhori, 4
reh, 16
chunache, 5
kagaz, 3
kalam, 2
utha, 19
dosre, 13
kamre, 7
rakh, 17
lagwaya, 1
diyo, 11
kad, 1
bartan, 1
uthao, 1
laien, 1
ati, 8
mana, 8
so, 6
chore, 2
muje, 5
kahni, 3
porze, 1
aye, 15
shahzada, 15
kuwna, 1
haye, 1
caziin, 1
karname, 1
khusar, 2
hanse, 1
dafa, 24
zikar, 16
mulk, 18
badshah, 106
nahayat, 2
samaj, 9
jawan, 9
malika, 2
inteqal, 2
dosri, 7
amada, 2
lagy, 17
car, 4
khubsurat, 5
talash, 13
seir, 1
thak, 4
darkht, 6
beith, 1
purana, 4
betha, 6
inhi, 2
sochoon, 1
darakht, 12
ghunsla, 1
chirya, 12
bachoon, 17
bemar, 5
urny, 1
gir, 11
mar, 18
afsorda, 1
mehal, 7
tesary, 3
ghunsly, 2
dosari, 5
donoon, 1
gira, 10
chira, 3
julti, 1
lagi, 59
sochy, 2
parendy, 1
insan, 9
net, 3
u, 8
insane, 12
soch, 16
badal, 8
jaisa, 2
mery, 14
essa, 9
juda, 3
faisla, 4
kry, 2
hifazat, 3
rakhy, 2
dostoo, 1
sabaq, 5
hasil, 11
parindy, 6
sachi, 5
ibrat, 1
jangal, 9
shikari, 9
rahta, 7
cjeeta, 1
pala, 1
cheeta, 3
shikar, 5
wafa, 3
beet, 3
das, 6
cheety, 6
behad, 5
muhabbat, 2
khelta, 1
tah, 1
manoos, 1
nuqsan, 7
phunchaya, 1
thaeik, 1
jungle, 11
wajha, 14
phuncha, 7
fersh, 1
phela, 2
shaaid, 1
marr, 4
dala, 7
talwar, 1
k, 468
kheel, 16
bheriya, 1
ghus, 2
chety, 1
pareshan, 8
bina, 6
samjhy, 1
ehsas, 6
how, 3
ajald, 1
bazi, 2
nateja, 1
akhaz, 1
jald, 7
hergiz, 4
nam, 14
yun, 3
admi, 18
pasa, 1
kamany, 2
dusry, 1
dus, 2
guzarny, 2
pasy, 3
rooti, 1
laly, 1
mojod, 6
jama, 5
ponji, 1
khatum, 4
nikama, 1
internet, 2
chating, 1
daswi, 4
intehan, 1
bar, 16
fail, 4
parhai, 2
chor, 16
allahdin, 15
maan, 21
paise, 9
zaya, 2
school, 21
fees, 1
dena, 7
udher, 4
charta, 1
soucha, 4
sher, 30
kamaye, 1
adhe, 1
jeeb, 3
photi, 1
kori, 1
safar, 1
sake, 3
poun, 1
nokli, 1
cheeze, 1
takraia, 1
jhuk, 2
charag, 4
ticket, 3
kharede, 1
ragra, 1
dhoan, 1
nikalne, 4
dhoona, 1
jin, 22
shakal, 5
ikhtyar, 1
phi, 1
rise, 2
hosla, 2
jinn, 10
hukam, 12
akaa, 1
dun, 3
chunacha, 6
lao, 3
humkam, 1
mam, 1
aka, 3
hakla, 1
tumhara, 9
hairstyle, 1
salman, 2
khan, 8
jesa, 3
sharukh, 1
taya, 1
nana, 1
nawase, 1
parhpota, 1
yani, 2
kareebi, 1
azeez, 1
balke, 5
humhari, 3
uchalta, 2
gudata, 1
mazeed, 4
batane, 1
nani, 7
nawasi, 1
phopi, 1
katte, 1
hoya, 1
bas, 8
karebi, 1
rishte, 13
batana, 2
sunte, 2
foran, 21
gayeeb, 1
hazir, 1
plate, 2
kesa, 2
murg, 1
mosalam, 1
bariani, 1
mushkil, 7
central, 1
jail, 1
chori, 7
jadooi, 1
admission, 4
zyada, 12
aate, 2
kah, 8
nokari, 3
taleem, 7
humhein, 5
mile, 4
madat, 10
barha, 5
hazar, 5
walon, 3
mante, 1
dekhna, 3
parta, 3
mangi, 7
maaf, 3
parhane, 1
lage, 17
kamiyabi, 1
kamyab, 4
ban, 31
loot, 2
rehne, 3
sare, 12
jadoo, 7
sekh, 1
kabar, 1
chotti, 1
motti, 1
cheezon, 2
deta, 16
naam, 21
pakeeza, 19
kartoot, 1
chothi, 1
jamaat, 3
ishq, 1
silsala, 3
khatam, 7
taaluq, 1
aesay, 5
dahum, 1
taalb, 1
elm, 3
mehboob, 4
budsorti, 1
masaal, 2
aghaaz, 2
khut, 1
likh, 5
baethe, 3
classroom, 1
tumhari, 26
shirt, 2
pocket, 5
kanta, 4
gabra, 1
kahi, 5
nichay, 4
farsh, 2
daal, 4
soacha, 7
larkyoun, 3
paoch, 1
lu, 4
du, 3
haqeqat, 2
ehmar, 3
phans, 2
berbadi, 1
papers, 4
program, 2
milay, 4
kissing, 1
jaagti, 2
jawani, 2
pyaas, 3
buja, 1
zameer, 3
sola, 2
hoos, 1
poori, 4
ehmir, 1
choor, 12
newa, 1
aashiq, 1
rang, 10
accident, 3
khuda, 13
hafiz, 1
sheri, 2
naami, 1
jali, 1
court, 2
marriage, 3
aana, 3
khoob, 8
jism, 2
nafs, 3
bojata, 1
bazar, 4
husan, 3
bech, 3
wahi, 3
najeez, 1
taluqaat, 1
qaem, 2
kerwanay, 1
anjaam, 1
zimaydaar, 1
jawai, 1
soya, 2
lagnay, 4
uksaya, 1
bayhooda, 1
cable, 1
scenes, 1
azadi, 4
najanay, 4
humari, 4
maashray, 2
aese, 6
kitni, 13
nadaan, 5
mohabbatain, 1
zenat, 1
dete, 6
sahil, 3
parion, 5
saltanat, 1
haseen, 1
jameel, 1
jitni, 3
khubsorat, 6
naik, 5
serat, 1
pari, 22
samandar, 13
aas, 3
ghomti, 1
rehti, 13
insano, 1
chahati, 7
khwaish, 2
sathi, 4
unhein, 3
dhukh, 1
unho, 9
samjaya, 1
pori, 6
mumkin, 3
sakti, 28
ser, 6
dor, 4
behri, 3
jahaz, 7
shazada, 1
saalgira, 2
batai, 2
unhi, 1
dino, 5
aai, 7
gar, 5
janti, 8
banata, 1
sart, 1
mani, 4
nai, 3
thek, 2
duai, 3
pine, 2
hafte, 1
bol, 6
won, 1
pi, 1
gehrion, 1
dopti, 1
hosh, 3
puri, 7
shahzade, 4
kon, 8
mehil, 1
walden, 2
heran, 15
mili, 5
hakimon, 1
diyake, 1
ilaj, 2
kare, 15
karon, 9
hafta, 4
tesra, 1
pareshani, 1
karna, 15
ihsan, 2
badla, 5
story, 6
badsha, 5
ghulam, 5
zulm, 2
dorte, 2
tou, 7
panah, 2
lene, 6
ghaar, 2
cave, 1
ghussa, 6
zoar, 4
dharne, 2
takleef, 3
chubha, 1
brah, 1
kameez, 1
phar, 5
marham, 3
patti, 2
dee, 5
aisaa, 1
pakra, 2
pesh, 3
saza, 2
tajweez, 1
bhookay, 1
samnay, 2
chahay, 4
salook, 2
karay, 1
amal, 5
daramad, 1
bast, 1
chatnay, 1
poocha, 2
nokar, 5
azad, 3
ehsan, 3
urdu, 5
lion, 1
and, 16
mouse, 1
chooha, 1
khel, 1
khelte, 3
gheri, 1
soye, 1
bhagne, 1
dornay, 1
choohay, 6
salamat, 1
muaf, 1
den, 3
roaz, 2
apke, 1
aaon, 2
jaal, 2
pans, 1
pehchan, 4
lee, 1
bil, 2
nikala, 8
tez, 2
danton, 2
kaat, 2
chungle, 1
rehai, 1
dilwa, 1
shukriya, 4
angoori, 1
khattte, 1
loomri, 10
khorak, 2
khanay, 2
nahin, 13
angoor, 3
dekhte, 2
monh, 12
angroor, 1
oonchay, 1
utarne, 1
chalangain, 1
lagana, 1
deen, 2
kai, 7
bawajood, 7
howee, 1
bani, 6
waise, 1
khatte, 1
inhain, 1
faida, 3
loag, 7
patay, 1
heelay, 1
bahanay, 1
khushamad, 3
buri, 10
bala, 5
zikr, 2
ail, 1
kawa, 2
crow, 1
paneer, 4
tukraa, 1
sochnay, 1
uske, 2
zehen, 1
neechay, 1
kaway, 1
tareefain, 1
phurti, 1
tumharay, 4
parr, 1
chamakdar, 1
humain, 3
geet, 2
sunao, 1
tareef, 1
sunn, 5
phoolay, 1
sama, 1
ganay, 2
tukra, 2
neeche, 1
moral, 2
chamanstan, 1
gohar, 2
betian, 1
malka, 2
arzoo, 1
kin, 1
arena, 1
olad, 4
bazorg, 2
wazir, 5
betion, 1
kale, 1
andehri, 2
kothari, 1
chaar, 3
rakhe, 1
narena, 1
suni, 11
lal, 4
peela, 1
gussy, 2
guzary, 1
intahai, 1
mayusi, 1
betiuon, 3
ray, 7
pochi, 3
kaly, 18
undheri, 5
kuthrion, 1
pyary, 1
duo, 1
shararat, 6
chahta, 12
bazurg, 3
roop, 4
dhara, 2
tuk, 9
rasai, 1
intahi, 1
risk, 2
uthany, 1
kuthri, 4
rahty, 5
shazadiuon, 1
arssa, 1
khwahish, 1
beetiuon, 1
waqif, 2
pury, 3
manadi, 1
kara, 4
shahzadiuon, 2
chura, 4
kimat, 3
gulstan, 1
gulfam, 1
maqsad, 1
takmeel, 2
jungal, 5
talisam, 1
chund, 1
ghantoon, 1
pura, 3
rukh, 3
milli, 5
aan, 1
shahzady, 3
gulfan, 1
ghoory, 9
bethaya, 1
anny, 3
pathar, 9
khatmy, 2
maarukh, 1
iis, 1
churany, 4
tajistan, 1
phoolstan, 1
dilawar, 1
teesary, 1
number, 9
dilawaz, 1
mugar, 1
ikhtatami, 1
rasty, 8
that, 10
chuthy, 2
ikhtetam, 1
mand, 4
bhenoon, 1
waloon, 3
baqi, 15
roo, 6
dwa, 1
roshan, 8
dan, 5
lakeer, 1
namoodar, 1
phool, 7
noor, 3
hathoon, 1
balloon, 1
khatma, 3
kohistan, 1
chaly, 8
shahady, 1
dat, 1
muqabla, 1
orr, 1
baaloon, 1
shaadi, 42
mulkoon, 2
shahzadon, 1
karwa, 6
beeton, 3
panch, 2
mulkon, 1
hukmarani, 1
bewi, 19
kerty, 6
alawa, 2
borha, 3
bakshoo, 22
bhkshoo, 2
begam, 35
saiba, 6
barabar, 2
khidmat, 10
bechara, 7
tankhoa, 2
pan, 3
cigrate, 2
kharcha, 2
kapra, 5
dawa, 6
chat, 2
rawaya, 2
naraz, 5
khatri, 2
bachon, 9
soda, 6
salaf, 2
wagera, 3
b, 17
lana, 3
isi, 6
daffa, 2
chale, 11
jane, 20
dahmki, 2
kehna, 12
sahiba, 2
damag, 6
wse, 2
kahon, 5
palastic, 2
salaion, 2
oon, 2
phondon, 2
kholne, 2
dhamki, 2
samajte, 3
khapati, 4
kamon, 2
rokna, 2
umar, 7
dhak, 2
marez, 2
muh, 2
esi, 9
khansi, 4
bathroom, 2
bhagin, 2
thoka, 2
balgam, 2
khon, 3
surkh, 7
dhari, 2
chamki, 2
zukam, 2
bigar, 2
sochne, 2
maijn, 2
chirchiri, 2
bukhar, 2
andar, 4
befikri, 2
thin, 3
lehje, 9
bole, 7
kosish, 3
daftar, 4
berokhi, 2
jhagre, 2
shaam, 6
mehman, 8
samose, 4
let, 2
ana, 4
dhang, 2
wah, 2
izat, 3
skoter, 2
start, 2
begum, 2
rone, 8
halka, 4
bemari, 3
lg, 2
kurti, 2
rehin, 4
chiria, 6
gonsale, 2
chitia, 2
jhar, 2
ponch, 2
khans, 2
kehyal, 2
jaon, 8
kadar, 4
sicha, 2
sambhalti, 2
bhool, 5
almari, 2
ande, 2
lane, 3
oor, 2
bache, 10
khaya, 4
pappo, 2
sweter, 2
pehn, 2
pasene, 2
naha, 4
chuki, 9
uthna, 2
chaha, 8
inhein, 13
sehan, 3
phoppi, 4
polio, 2
langari, 2
bewa, 2
lagin, 5
prosan, 4
sohar, 2
jani, 7
pehchani, 2
awaze, 2
humare, 3
kismat, 2
mahman, 3
larein, 2
faisale, 2
bolain, 2
kalark, 2
milane, 2
asal, 9
aapas, 2
lagti, 6
hone, 12
bawajod, 4
mehmano, 2
beth, 6
nok, 2
jhok, 2
chaye, 2
piyne, 2
takrai, 2
bhir, 3
jhagarne, 2
tane, 4
safai, 3
tarafdari, 2
nehi, 6
shokar, 2
naye, 3
makan, 2
bethi, 5
milta, 4
pehne, 2
kaprah, 2
alaj, 3
pouchon, 2
bolien, 2
sunti, 3
inho, 4
banwaya, 2
khare, 3
aaray, 2
banta, 2
bate, 4
kata, 4
jee, 8
provident, 2
fund, 2
paisa, 3
chay, 3
tole, 2
sone, 3
set, 2
jehez, 2
teaching, 2
larai, 2
shidat, 2
karachi, 4
chachi, 4
sambhal, 3
sakt, 2
jhat, 4
talak, 4
tas, 2
mas, 2
telr, 2
chadar, 4
pehni, 2
jahez, 2
khamoshi, 3
surma, 2
andhera, 3
bejli, 2
bulb, 2
pharane, 2
khol, 5
gunsale, 2
rasta, 8
kuth, 2
goya, 3
rukhsat, 4
hoin, 3
hamza, 31
wada, 8
chacha, 28
chadoo, 1
dukan, 6
jaleebian, 3
khilaoo, 1
khilany, 3
jaoo, 12
yad, 6
cheedoo, 15
muhaly, 3
koony, 1
dety, 2
dostoon, 4
pawoon, 3
rakhny, 1
rash, 3
thoori, 8
poch, 4
masroof, 2
mukhatib, 5
paoo, 1
jalebion, 4
andaz, 7
hii, 1
kahny, 6
inhy, 2
khary, 8
jhirak, 1
nawab, 1
leeni, 1
heintu, 1
cheedo, 4
essi, 2
umeed, 9
mazak, 3
urany, 1
jalebian, 3
beeizati, 1
leeny, 1
leena, 1
soji, 4
ai, 6
pursakoon, 1
jalebiuon, 1
khameera, 1
jaisy, 11
gudam, 1
khareed, 2
peeson, 1
mutalba, 1
pouchane, 2
jalebi, 1
dekhi, 7
charka, 1
namak, 1
tese, 1
humza, 13
hasne, 2
mutmaein, 1
atu, 1
bell, 2
bajny, 1
burio, 1
dharkny, 1
khoola, 1
samny, 10
hsamza, 1
ary, 3
ayei, 1
unhook, 4
bharny, 1
ladly, 1
pochiye, 1
gusy, 3
inhoo, 1
bhara, 2
app, 11
baglay, 2
dawat, 3
bagla, 2
kheer, 1
jisay, 3
lambi, 4
chonch, 1
saka, 9
bhooka, 2
seekhani, 1
thani, 1
c, 1
bottle, 4
chawal, 1
wajah, 2
latka, 1
loat, 1
gaee, 1
waisa, 1
bharo, 1
jaisi, 4
waisi, 1
bharni, 1
as, 3
sow, 1
shall, 1
reap, 1
kheeton, 2
hal, 6
parindon, 8
btaein, 1
gy, 9
tarh, 1
kheet, 2
khood, 3
boony, 1
gaitu, 1
katny, 2
hap, 2
minton, 1
diyalakin, 1
khoson, 1
sary, 6
dany, 1
sar, 7
peet, 2
thoora, 6
haq, 3
lajawab, 1
waqy, 1
dosron, 3
inhasar, 1
mehnga, 2
zirwa, 10
fellow, 1
taluq, 5
garano, 1
esse, 4
mustaqbil, 3
soach, 1
rakha, 10
masters, 4
keray, 10
suhanay, 2
khaab, 2
buntay, 1
rehtay, 6
pernay, 4
zayadaeh, 5
chaahti, 10
m, 3
phill, 1
ph, 1
d, 1
eraada, 2
daddy, 3
join, 2
family, 1
bardaasht, 1
lamhay, 1
bey, 1
khabar, 5
waapis, 2
baaqi, 1
messaging, 1
calls, 2
aesa, 4
rawaeya, 1
aksar, 6
poachti, 2
typical, 1
mardo, 1
badlay, 1
kehta, 6
lamha, 3
berhata, 1
begana, 1
ibtada, 1
ekhtataam, 1
ezhaar, 3
keru, 1
nihaal, 1
jenay, 1
mernay, 1
qasmain, 1
khae, 1
qismat, 6
khael, 2
chaahta, 1
ensaan, 2
soachta, 1
result, 6
kerta, 10
mummy, 5
logo, 2
rishta, 12
taa, 4
magher, 2
wagher, 1
humara, 2
ferma, 1
bardaar, 1
beghair, 3
cards, 1
taqseem, 1
kiyay, 2
chukay, 2
pershaan, 3
topic, 3
ezat, 6
aanch, 1
roak, 1
paye, 1
totay, 1
shehar, 3
biwi, 23
mer, 2
mulaqat, 2
shaida, 15
jameela, 12
bhenein, 2
mehntee, 1
raheem, 1
baraks, 1
magror, 1
bhoroon, 1
ahtram, 1
sedhy, 1
tareky, 1
garhany, 1
kura, 1
ganda, 1
chahoo, 1
safaie, 2
sookhy, 1
patyaur, 1
kachra, 1
tujhy, 2
dikhti, 1
teri, 1
karoon, 12
barhein, 1
dekhtein, 1
ghoora, 6
piyas, 1
shiddat, 4
nadhal, 1
aien, 1
munasib, 1
samjhoo, 1
pila, 2
jamein, 1
pilaoon, 1
andhi, 1
burhiya, 3
sadak, 1
kohish, 1
ham, 3
karinjameela, 1
burhya, 1
chalty, 3
phunchein, 3
howi, 1
kijab, 1
bheethi, 1
maheny, 1
lageintu, 1
duawein, 1
diaur, 2
duwaon, 1
mehroom, 2
usi, 2
ik, 1
dhoor, 2
phuonch, 1
gaie, 8
saywarna, 1
hoodarakht, 1
tumari, 1
azmaish, 2
thitum, 1
utri, 1
hopari, 1
soony, 1
ashrafian, 1
ghoor, 3
gayab, 1
kiy, 1
gurbat, 1
ji, 2
shoohar, 1
gaoun, 1
rehte, 4
tin, 1
afta, 1
sehi, 2
istamal, 3
chotha, 3
parha, 2
likha, 8
jitna, 6
ilem, 4
charo, 1
ghomne, 2
ghom, 1
unh, 6
one, 8
darakh, 1
janwar, 5
hadian, 2
bekhri, 1
dekhein, 1
hadi, 2
ileem, 2
hadion, 3
dhancha, 2
khal, 2
charha, 1
terse, 1
dhanch, 1
doast, 1
samjhaya, 5
bewaqoofi, 1
rhy, 3
mane, 1
hasad, 1
hunar, 1
chothe, 1
tino, 2
magan, 1
charhai, 1
tesare, 1
dali, 3
teno, 1
cheer, 1
galat, 1
dho, 1
bethe, 6
mehfooz, 1
basit, 10
parhny, 1
chutioun, 1
matlab, 9
kood, 4
barbad, 2
parhaie, 3
nasehat, 3
thaor, 1
gali, 1
khalny, 2
guzarty, 1
garmiuon, 1
chutian, 1
mukamal, 4
sarf, 1
kien, 2
chutiuon, 3
rafter, 1
gharoon, 1
hoy, 2
jinhoo, 2
hashash, 1
bshash, 1
jabky, 1
iz, 1
ghanty, 1
murjhay, 1
essembly, 1
master, 4
talb, 2
darty, 2
ghurty, 1
mujy, 1
copy, 3
siway, 1
uthy, 2
mola, 1
bakhsh, 1
danda, 1
kip, 1
eth, 1
paseeny, 1
sharaboor, 1
hawas, 1
bahal, 1
haqeeqat, 4
khooli, 1
khawab, 3
pheli, 2
chuti, 1
sikha, 1
twajoo, 1
bazoorg, 1
sahi, 9
kahty, 2
pechali, 1
ane, 1
waqia, 1
seer, 1
te, 6
multan, 3
sheron, 1
adal, 3
sehbaz, 1
rehman, 1
mukarra, 1
tyari, 2
nikle, 2
hasi, 1
mazakh, 1
jari, 3
train, 3
ayesta, 4
pul, 1
shehbaz, 4
cher, 1
saman, 8
peche, 4
phnkane, 1
arada, 2
mehez, 1
azakh, 1
albata, 1
choot, 1
mot, 1
ap, 18
sanjeda, 2
zahir, 3
shebaz, 1
chatka, 2
agarcha, 1
jangle, 1
bhage, 1
tarak, 1
shor, 1
machaya, 1
nojawan, 2
dhorta, 2
chalang, 3
cherta, 1
shahbaz, 3
humhare, 2
nazron, 1
ojhal, 1
gher, 6
sambhala, 1
gota, 10
khor, 3
bulwaye, 1
ghanton, 1
lash, 1
latish, 1
kharab, 7
behjwaya, 1
dilon, 1
pashtawa, 1
chote, 4
natija, 1
ujar, 1
rog, 1
hamad, 11
chachazad, 1
behtareen, 5
khami, 1
gusa, 1
arsy, 2
store, 6
ashiya, 1
rakhi, 1
karobar, 3
churi, 4
daketi, 1
waqyat, 1
barh, 6
chuky, 3
pistol, 4
bikul, 1
apnyabu, 1
bazaar, 6
varani, 1
cha, 2
bethy, 1
arsa, 2
obash, 2
freeg, 1
peeny, 2
peny, 1
daraz, 2
jitney, 2
passy, 2
gussa, 3
lehaza, 2
pessy, 1
ulta, 2
fire, 1
dusari, 1
walda, 1
eman, 2
lety, 4
najaiz, 1
zaray, 1
passa, 1
talab, 2
mandak, 7
kinary, 3
khelty, 2
larkon, 6
shahararat, 1
mandkon, 1
phankny, 1
khilkhila, 1
hansty, 2
bechary, 2
phirny, 4
bachti, 1
aie, 1
burhy, 1
piyary, 2
diyakuch, 1
kheelny, 1
pechy, 4
parwa, 3
phankna, 1
hayjub, 1
essy, 3
lany, 2
sooda, 1
kharidny, 2
raqam, 7
waskut, 1
zayada, 1
itmenan, 1
gini, 1
pai, 10
hisab, 1
ama, 3
neb, 7
ehtyat, 1
kisy, 1
dubara, 2
dhondoo, 1
beete, 1
aman, 1
andehera, 1
andehre, 1
dhondun, 1
roshni, 3
dhoondo, 1
zamane, 1
sarkon, 1
andehra, 2
andhere, 2
jei, 1
cheese, 1
muskil, 1
nah, 1
ital, 1
borhe, 4
chota, 4
andere, 1
poucha, 6
larke, 1
dhoond, 1
tail, 2
jal, 3
zayda, 1
baja, 1
paid, 1
y, 1
pain, 1
khoi, 1
dhoonda, 1
charagh, 1
bheeja, 2
zada, 3
jall, 1
tumhy, 1
ehsasa, 1
ehmeat, 1
sadat, 2
mandi, 2
jhuka, 1
abdulah, 1
haroon, 3
tehrek, 1
pakistan, 3
sargarm, 1
aisa, 4
jaisay, 1
sahiwal, 1
ruki, 1
sahab, 2
box, 2
uthaander, 1
berth, 1
koonay, 1
kalma, 1
parnay, 1
behnoo, 1
bhaiyoo, 1
hakeem, 1
doctor, 8
weed, 1
sanyasii, 1
buzurg, 1
fraud, 1
rizk, 1
ihalal, 1
kama, 1
hon, 18
sajnoo, 1
keemat, 2
mamoo, 2
tafseel, 1
jaonga, 1
powder, 2
puria, 1
daikh, 2
rahay, 5
bohta, 1
anmool, 1
faiday, 1
mulahiza, 1
kejeay, 1
dant, 7
melay, 1
masooroo, 1
moon, 2
badboo, 2
lai, 1
min, 2
farq, 2
karaingay, 1
ilawa, 2
podwer, 1
zakhmoo, 1
bhigoo, 1
khizab, 1
istimal, 1
skata, 1
jootay, 1
polish, 1
karsaktay, 1
furniture, 1
khamka, 1
saktay, 3
ankhan, 1
dhoi, 1
haazmay, 1
mufeed, 1
keeray, 1
marnay, 2
karamad, 2
rooh, 2
afa, 1
piya, 5
bachiyoo, 1
muassar, 1
rupay, 4
kehte, 10
nanha, 1
farishta, 1
duniya, 2
usse, 42
saathchahiye, 1
uski, 7
bhaal, 1
humen, 1
tofa, 2
roup, 1
jiska, 1
karaz, 2
marte, 1
dum, 7
karsakti, 1
karsakta, 1
ziada, 2
kyunke, 2
maheenay, 2
pait, 2
paal, 1
ti, 1
posti, 1
karke, 1
usko, 1
karegi, 1
dukh, 7
jisko, 1
paala, 1
posa, 1
zid, 7
jaraha, 1
utaar, 1
laiqin, 1
nibha, 2
nibhayen, 1
gs, 3
corner, 3
moderators, 1
mohsin, 16
whispergupshup, 1
me, 25
rahey, 3
they, 4
rastey, 1
sey, 8
darrey, 1
sehmey, 1
reech, 2
bear, 1
whisper, 2
ney, 3
qareebi, 1
charh, 1
bachaney, 1
pahi, 2
chashma, 1
ankhon, 4
samney, 1
chaa, 1
unhen, 1
parwaz, 1
aayi, 1
poncha, 1
paseena, 1
kartey, 1
howey, 1
raah, 1
iklotey, 1
waris, 1
gaye, 7
this, 6
true, 1
larkey, 6
sal, 5
salon, 1
qeemat, 1
usne, 9
hia, 1
usney, 1
khoya, 2
hwa, 1
kerney, 1
shayad, 2
qareeb, 3
liyey, 7
khair, 7
badin, 1
barhta, 2
waley, 1
zimmedari, 1
tarapan, 1
agey, 1
drama, 4
behtar, 1
october, 1
bhula, 1
bada, 1
kab, 3
qayamat, 2
usey, 2
engegment, 1
hui, 2
dhum, 1
dham, 1
end, 3
rasmain, 2
rahin, 1
sister, 2
jhjgra, 1
miley, 2
zarur, 1
thama, 1
hadsey, 1
apney, 2
gharwalon, 1
itna, 15
dur, 1
sunney, 1
tarasta, 1
dekhney, 1
tarapta, 1
ley, 2
dey, 3
ager, 16
dikha, 2
suna, 8
bcoz, 1
very, 2
muchwoh, 1
hotiapnay, 1
tajarbe, 2
hyal, 1
mainay, 3
khubsoorat, 1
handsome, 2
kali, 2
kaloti, 1
sya, 2
kion, 2
lie, 3
hame, 1
acche, 1
lagte, 2
makam, 1
adaaien, 1
sabh, 1
acchi, 1
shaks, 2
dekhain, 1
manain, 1
hassen, 1
ese, 4
chehre, 10
chechak, 1
dagh, 1
esta, 1
too, 3
zaroorto, 1
baizat, 1
wese, 3
hkhial, 1
doosray, 1
propose, 1
parents, 4
through, 1
inkaar, 2
upset, 1
udas, 3
hua, 1
hogaya, 1
doobara, 1
bhijwaya, 1
step, 1
kiyun, 2
aagay, 4
waldein, 2
khilaaf, 1
kesay, 1
izzat, 6
khudkashi, 2
kerloon, 1
bagher, 4
msg, 1
rcv, 1
ket, 1
yrs, 1
ikhtalaf, 1
parai, 1
dhokay, 1
wqt, 1
kahayal, 1
hee, 1
chaiye, 1
raazi, 2
yaqeen, 13
dilati, 1
kehtay, 6
meinarastu, 1
sakandar, 1
azam, 2
parhanay, 1
sikandar, 1
shehzada, 4
okta, 1
gia, 16
arastu, 2
eelm, 2
hasool, 1
hamaray, 1
kisam, 4
rastay, 5
kachay, 1
dushwar, 1
rastoo, 1
kasan, 1
chaltay, 3
shahi, 3
khandan, 10
makhsos, 2
pakay, 1
khoubsorat, 1
laikin, 5
manzil, 2
shah, 1
gada, 1
akahthay, 1
martaba, 5
khalifa, 3
rasheed, 2
sahabzaday, 2
ustad, 2
wazoo, 1
paoon, 2
gayay, 1
daikha, 4
bhuhat, 13
barham, 1
namaz, 3
shehzaday, 4
zamat, 1
danta, 4
dooay, 1
os, 28
sonay, 2
nahar, 2
kinaray, 1
karnay, 2
ebadat, 1
muj, 1
lalach, 3
lainay, 1
pakraylia, 1
tukray, 2
shamim, 8
balqees, 12
jamat, 3
parhti, 2
theen, 14
ghareeb, 3
jabkay, 2
baiti, 2
abba, 2
guriya, 15
laayay, 2
kahnay, 2
socheyay, 2
rupee, 2
piyai, 2
osay, 14
gandi, 3
badshurat, 2
dikhani, 2
zaiada, 2
khailnay, 2
daiti, 2
bura, 7
bhe, 5
rani, 3
khail, 2
machaira, 4
mayoos, 2
parinda, 6
pati, 6
urnay, 2
moti, 18
macharay, 2
chalaya, 2
machairay, 2
bichnay, 2
achay, 11
daam, 2
yonan, 1
suraj, 1
khaiyal, 1
kartay, 1
hawaoon, 2
yonani, 1
saat, 1
dosmanoo, 1
larnay, 1
fateh, 1
yab, 1
achnay, 1
tufaan, 2
kashti, 6
jazeray, 1
puhanaj, 1
hawoo, 1
watan, 1
hawaoo, 1
daba, 3
isay, 1
mat, 6
khulay, 2
khaial, 1
issay, 1
jagta, 1
sathe, 1
hindustan, 3
missar, 4
anokha, 2
taufa, 6
bhijna, 2
chata, 2
logoo, 4
anukha, 2
bananay, 2
dinoo, 2
taufay, 4
mushwara, 2
nareal, 6
dainay, 2
mashwara, 7
banae, 2
cheez, 11
tarahn, 2
mausher, 2
pair, 2
nb, 1
if, 2
are, 1
looking, 1
for, 6
sexy, 1
hot, 1
xxx, 1
dirty, 1
hindi, 1
stories, 4
kahanian, 1
like, 2
exit, 1
site, 1
we, 1
have, 1
no, 3
material, 1
about, 5
sex, 1
zubeda, 15
intehai, 1
sedhe, 2
sadi, 1
gharelo, 2
khaton, 1
officer, 2
jinhon, 1
virse, 1
neeknami, 1
rishvat, 1
pak, 1
service, 1
record, 2
darjan, 1
sitam, 2
zarifi, 1
unhe, 1
sarkari, 1
karae, 1
tareek, 1
makano, 1
shakir, 1
rahein, 2
ehbab, 1
phelaya, 1
perh, 2
jul, 1
gari, 2
khenchne, 1
bachyon, 1
basane, 1
satane, 1
keun, 14
bojh, 2
uthane, 1
taham, 1
unn, 17
wahid, 1
behno, 5
umeedein, 2
wabasta, 1
iqbal, 27
bante, 1
gharon, 4
aane, 6
gaen, 3
abhe, 4
chakker, 1
nahe, 93
parna, 1
behter, 4
fariza, 1
soche, 3
dr, 2
yoon, 1
mager, 12
zarorat, 6
ziyada, 8
narm, 1
tabyat, 4
baes, 1
nurson, 1
narson, 1
dilaya, 1
mehaz, 4
hawale, 2
safer, 1
bnane, 3
sadhe, 1
beyan, 1
mutmain, 3
dulhan, 1
dhondne, 1
masrof, 1
nurse, 4
irade, 1
pta, 13
aage, 5
phirne, 1
majbor, 2
rabia, 6
cousin, 9
mansob, 1
haad, 3
dhone, 1
khudkushi, 1
dhamkiyan, 1
waleden, 1
bhaiyon, 4
mamle, 2
unhon, 2
mangeter, 1
duty, 1
khyal, 4
hans, 4
bhol, 5
shoher, 7
basar, 1
samjhe, 2
nakam, 2
lena, 6
chahti, 13
jadu, 2
tone, 1
tawezon, 1
asar, 4
marzi, 1
doran, 5
shaded, 2
ro, 2
duaen, 2
mangti, 1
burhape, 1
isse, 13
yehe, 6
aarzi, 1
tor, 5
dinon, 6
qayam, 1
doctori, 1
elaj, 3
rohani, 2
karwaya, 1
poshida, 1
goshe, 1
putla, 1
soiyan, 1
shak, 2
moqa, 3
jagha, 2
chalai, 1
sana, 12
dore, 2
dalne, 1
shuda, 2
zaberdasti, 2
saya, 2
chen, 2
rahe, 30
lekin, 25
uthte, 1
bethte, 3
rona, 3
jae, 4
sorat, 1
nibhane, 1
chahiye, 4
khatir, 2
zati, 1
khushiyon, 1
aham, 3
mashwaron, 1
saher, 1
mammon, 1
bechari, 1
dukhi, 1
kamati, 1
talaq, 5
bholi, 1
bhali, 2
aaurat, 3
tohein, 1
mahol, 2
bewagi, 1
tasawar, 3
gunah, 1
asol, 1
nigha, 1
dekhti, 5
sareef, 1
shrafat, 1
chahe, 2
dikhaway, 1
status, 1
pursakon, 1
nae, 2
aandaz, 2
hamdardiyan, 1
sametne, 1
roz, 3
raz, 1
samajh, 6
saken, 1
bolati, 1
rafta, 2
mehbob, 1
bnaliya, 1
darkhuast, 1
pukhta, 2
nehait, 3
hoshiyari, 1
anjam, 1
kabhe, 18
baho, 6
bnaen, 1
kahen, 2
dekhne, 8
samajhdar, 2
sabit, 4
satai, 1
hamare, 8
wafadar, 1
mukhlis, 1
qabol, 1
waliden, 2
jore, 1
aath, 1
aaser, 1
bachiyon, 1
ae, 3
laot, 1
jaen, 2
masail, 1
muthi, 1
chukka, 8
bezar, 2
uljhan, 3
taras, 1
tale, 3
ungliyan, 1
sabhe, 1
khobsorat, 6
rasida, 1
yafta, 1
serhad, 1
rakhne, 1
ghirane, 1
tarha, 6
baatein, 9
kein, 1
talaqyafta, 1
gawara, 1
fitrat, 4
kamengi, 1
herat, 6
aaurten, 1
aasami, 1
kartein, 1
mazlomiyat, 1
racha, 1
beqasor, 1
ghareb, 1
jesi, 1
aaurton, 1
aakhrat, 1
karen, 3
saas, 1
banna, 2
salok, 1
zard, 1
patton, 1
manend, 1
jhonke, 1
jate, 4
dua, 1
leni, 1
adeel, 40
inkar, 5
hina, 62
hoe, 17
akhbar, 2
parh, 5
chonk, 2
dobla, 1
shoq, 1
mood, 2
mukhtasir, 1
deyahankeun, 1
tafshesh, 1
taswer, 1
bazahir, 2
laparwahe, 1
table, 2
pe, 11
patakh, 1
character, 3
what, 4
aawaz, 2
boland, 2
nishana, 1
walawoh, 1
ghomte, 1
phirte, 1
mutabiq, 2
samjhota, 1
kirdar, 1
tai, 10
ring, 1
design, 3
tasweer, 1
saf, 5
neyat, 2
mela, 1
zeba, 18
deer, 8
rae, 2
baaz, 5
sakiumer, 1
tanziya, 1
jhankane, 1
zehmat, 1
aankhon, 5
statement, 1
last, 1
sabiha, 2
apane, 1
shopping, 2
btao, 3
cousins, 8
larkiyan, 2
thatum, 1
jano, 1
khayalat, 5
shakhsiyat, 1
discuss, 1
anokhe, 1
kamgo, 2
mizaj, 4
aandaza, 1
free, 1
mehfil, 1
jami, 1
ayaz, 5
bajae, 1
bezari, 1
tasorat, 1
milte, 1
jor, 1
darkhoast, 1
rok, 2
bolne, 1
alag, 3
thalag, 1
jazbe, 2
chupae, 2
sochta, 1
rawaiya, 2
wesa, 1
feham, 1
machi, 1
larkiyon, 2
ber, 1
aks, 2
khasosi, 3
shafqat, 1
note, 2
elan, 1
tofan, 1
dabae, 2
fesle, 1
sabab, 1
itafaq, 1
bulane, 1
sanjedgi, 1
betakallufi, 2
bebaki, 1
bilal, 17
waghera, 1
mazaq, 4
larti, 1
jhagarti, 1
ikhlaqi, 1
hadod, 1
chahye, 4
begherati, 1
bardasht, 1
honiss, 1
elawa, 2
tumhe, 13
etraz, 1
behodgi, 1
bamushkil, 1
naarasai, 1
janlewa, 1
jise, 4
lagai, 1
mubarak, 1
lounge, 2
enter, 1
khaber, 1
chiragh, 1
best, 2
friend, 3
memona, 1
aunty, 1
educated, 1
nature, 1
zoni, 7
tabsara, 1
taed, 1
kimere, 1
khobi, 1
ikluti, 1
nuqta, 1
uthya, 1
khobsorti, 1
education, 1
pochaaur, 1
yek, 1
harabi, 1
hotein, 1
chance, 1
ghor, 2
jote, 1
lageadeel, 1
hilate, 1
hae, 1
baqaida, 1
aasal, 2
razi, 2
chalo, 4
naiya, 1
jhare, 1
mangni, 3
taiyariyan, 2
gharare, 1
sharare, 1
silwane, 1
chae, 4
ghari, 1
dalte, 1
tanz, 1
raddeammal, 1
tae, 1
chonki, 1
baas, 4
cup, 1
pakrate, 1
kanpa, 1
gaiye, 1
achank, 2
betasor, 1
lehra, 1
becheni, 1
pehlo, 1
badalte, 2
gabrahat, 1
lawn, 3
udasi, 2
chahne, 1
chutkara, 1
khushboen, 1
bekherta, 1
wow, 1
chand, 2
lamhe, 1
tyyari, 3
chair, 1
bhagte, 1
kamal, 1
tumhai, 1
laparwa, 1
hulye, 1
tyyar, 1
pakarne, 1
aae, 2
churaya, 1
jazbon, 1
sakit, 1
chah, 1
tanhai, 1
karishma, 1
tayyar, 2
socha, 10
moqe, 1
uthana, 2
bewaqofi, 1
khasi, 1
hatheliyan, 1
pasine, 2
bhegti, 1
chahte, 1
sunna, 3
maslan, 1
kitna, 7
aree, 2
confuse, 1
gehri, 3
sanjidgi, 1
liyeammi, 1
janne, 3
herani, 1
behki, 3
muskoraht, 1
irada, 1
hargiz, 1
niklin, 1
arse, 4
ghalat, 2
haitum, 1
chuna, 1
peshani, 1
qatre, 1
chalakta, 1
iztarab, 1
cheni, 1
lagimein, 1
jazbat, 2
chorane, 2
bahana, 2
tezi, 2
qadar, 1
am, 2
sapat, 1
bolti, 9
dekhe, 2
baton, 4
aser, 1
dotok, 2
theetum, 1
sahe, 6
chaho, 1
zarori, 3
samjhani, 1
lachak, 1
ummed, 1
khudgharz, 1
bedardi, 1
thukrati, 1
moqabil, 1
behis, 2
samajhta, 1
nazdeek, 1
ahmiyat, 2
shiddaten, 1
ashekar, 1
wohe, 1
sunne, 3
muntazir, 1
jisse, 1
najane, 1
khwab, 1
react, 2
dhemi, 2
gurez, 1
bebas, 2
ikhteyar, 2
jazba, 1
etbar, 4
kuchle, 1
taab, 1
sache, 2
etmad, 3
chakna, 1
theeitni, 1
nadani, 2
mei, 1
pachta, 1
sako, 1
bojhal, 1
khamosh, 3
kaho, 1
musbat, 2
intazar, 3
fesla, 3
mazed, 2
ruke, 1
gayaadeel, 1
hangama, 1
go, 4
wale, 6
khubsorti, 1
taref, 1
kie, 1
suljhe, 1
der, 3
ali, 34
khalazad, 1
bachpan, 6
tarof, 1
karwate, 1
fakhriya, 2
btai, 7
qehqaha, 1
baqol, 1
shakki, 3
samjhate, 1
hilaya, 1
malom, 1
btana, 1
becharon, 1
bande, 1
naseeb, 1
phorne, 1
touchy, 1
khatm, 2
theekitni, 1
muskorahat, 2
darmeyan, 1
chomti, 1
sochti, 1
jealousy, 1
feel, 1
beikhteyari, 1
sanbhalne, 1
sahare, 2
sood, 1
nigahein, 1
chora, 1
sunke, 1
basae, 1
bhabi, 2
khuwahishmand, 1
haiuffff, 1
mesna, 1
chalne, 2
chalaki, 1
photta, 1
pagalpan, 1
zaberdast, 1
jhagra, 1
josh, 1
nazer, 2
gumsum, 2
kashmakash, 1
men, 3
parne, 1
fazol, 1
thaam, 1
thukrana, 1
bewakofi, 1
apnaiyt, 1
hichkichahet, 1
mardon, 1
mezaj, 1
uterne, 1
sochna, 1
purpose, 2
kartasidra, 1
masom, 1
notice, 2
bethta, 2
bethna, 1
lagtanahe, 1
nervousness, 1
behaviour, 1
aamad, 2
gutthe, 1
suljha, 1
tasdeeq, 1
pochne, 1
heusse, 1
bta, 5
bechain, 1
apnaiyat, 1
poche, 1
kholte, 1
laway, 1
seheli, 1
bnai, 1
darpoke, 1
rishton, 1
mehromi, 1
bna, 3
bhige, 1
dili, 1
kefyat, 1
aayan, 1
cheet, 1
gureez, 1
raddeamal, 1
disturb, 1
shubhat, 1
qasorwar, 1
mujrim, 1
samajhne, 1
yaqeeni, 1
etbari, 2
corrupt, 1
loose, 1
badgumani, 1
intaha, 1
bebasi, 2
bharas, 1
nikalti, 1
qattai, 1
bash, 1
dekhai, 2
darja, 1
shikway, 1
haimiyan, 1
nazdeeq, 1
qabil, 1
bharosa, 2
siwae, 1
jeet, 6
mayosi, 1
jhoti, 1
taslli, 1
dilasa, 1
fehmiyon, 1
pana, 2
aasan, 1
jazbaat, 1
tabdili, 1
zawiye, 1
hissi, 1
taari, 1
daman, 1
koshishen, 1
tark, 1
khulti, 1
markaz, 1
mehwar, 1
dilkash, 2
janib, 2
barhte, 1
terrace, 1
hello, 1
chonka, 1
nigah, 1
intezarkis, 1
dhere, 1
muskorate, 1
chupati, 1
anjan, 1
chhai, 1
niras, 2
dobi, 1
dhale, 1
kamzor, 1
gumaniyan, 1
imkanat, 1
kefiyat, 1
anayat, 1
karda, 1
chahat, 2
banne, 1
fakhar, 1
gumani, 1
umeedi, 1
pal, 4
nabilkol, 1
muskorai, 1
itminan, 3
chalak, 2
anokhi, 1
chamak, 1
taeed, 1
bure, 1
samna, 1
ghere, 1
pachtane, 1
moaqa, 1
terne, 1
aainda, 1
aazer, 1
guzarna, 1
khuwahish, 1
jhankte, 1
bilkol, 1
muskan, 1
shiken, 1
momkin, 1
palat, 1
aati, 5
thank, 1
raegan, 1
muskoraya, 1
dheron, 1
uterta, 1
asliyat, 1
idraak, 1
taklefein, 1
gham, 2
musibat, 1
bachane, 1
khuahish, 1
thukra, 2
ghatya, 1
issue, 2
badle, 1
milne, 1
shakok, 1
badgumaniyan, 1
deteinwoh, 1
hassas, 1
seh, 1
paati, 1
thukrae, 1
hurt, 1
roi, 1
barwaqt, 2
pachtave, 1
kasak, 1
bcha, 1
thausse, 1
sangat, 1
sonaray, 1
bahar, 1
paer, 1
farhan, 11
damagh, 1
maalik, 1
aetaraaz, 1
jubkay, 1
behnu, 1
aetaraz, 1
baadilnakhaasta, 1
qabool, 1
paanch, 2
kyun, 3
ulaad, 5
naemat, 1
kum, 7
paanchwi, 1
serdiya, 1
sard, 1
shamo, 1
saansain, 1
daera, 1
gird, 1
tahafuz, 1
dilata, 1
pehli, 10
sotay, 1
saalgirah, 1
aadat, 2
taza, 2
dress, 1
daer, 7
tuhfay, 1
nand, 2
bhabhi, 5
jatka, 2
beja, 2
mahnoor, 3
kundi, 2
haerat, 1
lock, 2
maamuzaad, 1
humaray, 3
bedsheet, 1
heraan, 8
toat, 1
peri, 1
bewafi, 1
tayaar, 3
seconds, 1
talaaq, 6
denay, 3
faesla, 2
nend, 3
maamu, 3
anti, 2
saboor, 1
uncle, 1
ball, 2
uthanay, 1
pera, 3
totnay, 1
ehlaahda, 1
intiqal, 1
hugaya, 1
buhut, 4
mushaqqat, 1
perhaya, 1
likhaya, 1
mukammal, 1
kerny, 3
zafar, 3
dubai, 2
bahan, 1
nasra, 2
mulazmat, 1
kerli, 1
hali, 1
agaye, 2
college, 7
coaching, 4
jaya, 1
choti, 2
rakhty, 2
baji, 12
then, 2
unse, 3
share, 1
faiza, 4
jaty, 4
jarahy, 1
mujhse, 5
lerka, 3
hugye, 2
sedhi, 1
mene, 10
ziker, 1
dekhny, 3
lia, 3
kero, 2
ghas, 1
dalo, 1
jaega, 2
aglay, 6
mahino, 1
huta, 3
ghorta, 1
parcha, 1
phenka, 1
usme, 1
uska, 2
dengy, 1
yaad, 3
gayen, 1
samjhaty, 2
ajao, 2
milaya, 1
kashif, 9
werna, 1
huga, 1
kerdia, 1
first, 1
mubarakbad, 1
apko, 1
barey, 2
ahwal, 1
maslay, 1
nikalye, 1
nijat, 2
malomat, 3
len, 1
aker, 2
milo, 1
park, 1
bulaya, 6
unka, 1
sambhalta, 1
zimedar, 1
unki, 2
rakheyga, 1
walida, 1
hugya, 4
kise, 3
harj, 1
kerlen, 1
pakka, 2
kerden, 1
hujaege, 2
terha, 2
isliy, 1
agaya, 1
lerkay, 1
bulao, 1
takay, 1
rasam, 1
kerdi, 1
intizar, 1
soteli, 1
karengy, 1
khilaf, 1
jaker, 1
tumse, 1
raabta, 2
ase, 1
samjhany, 1
insaaf, 1
mangny, 1
london, 1
ayen, 1
kerlia, 1
apki, 1
pat, 1
sharjeel, 19
leker, 1
dimagh, 2
sawalat, 2
jiski, 1
saray, 3
andeshay, 1
hue, 2
khushian, 1
waqty, 1
girafta, 1
hujaty, 1
hasb, 1
munsha, 1
chalta, 2
rab, 1
kher, 1
huty, 1
fahad, 11
shehru, 1
subo, 1
baeyah, 1
peya, 1
hazaro, 1
armaan, 1
suhaag, 5
romantic, 4
yaadgaar, 1
waleemay, 1
honeymoon, 1
alaaqajat, 1
beyshumaar, 1
shermaati, 1
paa, 4
honeymoos, 1
purtapaak, 1
estaqbaal, 2
nunday, 1
daywur, 1
dinu, 2
raatain, 1
suntay, 1
baayou, 1
khushgapya, 1
jagaya, 3
mamaani, 1
nazray, 1
jagaaya, 1
tus, 1
mus, 1
soay, 1
romance, 1
adat, 4
aen, 2
motaabiq, 1
aaglay, 1
zewar, 2
laa, 1
lotay, 2
joway, 1
haar, 2
agli, 2
pero, 1
talay, 2
zameen, 3
tarefain, 1
rehnay, 2
tasawour, 1
baeh, 1
nashay, 1
daat, 1
mamool, 2
sawa, 1
chara, 1
aanay, 2
intazaar, 1
pukara, 1
choom, 2
nokri, 2
more, 6
coming, 1
soon, 1
moaz, 7
library, 1
seryo, 1
baykhabar, 1
khaabon, 1
khushyun, 1
aangun, 2
dulhun, 1
baqool, 1
sharma, 2
darkhan, 1
taez, 1
gunghat, 1
kitne, 4
mushkalain, 1
dekhni, 1
peray, 5
humsafar, 1
banay, 2
pichlay, 1
az, 1
sadaqat, 1
agher, 9
suhagraat, 1
niklo, 1
thum, 1
mun, 2
pukarna, 1
alfaaz, 1
beyaan, 1
khilkhala, 1
ground, 1
neeli, 4
waaqay, 1
beykhabar, 2
tiktaki, 1
baand, 1
safaed, 1
tamatar, 2
jasa, 2
pichay, 2
phirta, 1
fut, 1
qud, 1
smart, 1
badan, 1
jachta, 1
milanay, 1
tabdeel, 3
khoofzada, 1
kyounkay, 1
haeratangaiz, 1
soachti, 3
ult, 3
waeldaan, 1
duao, 1
saey, 1
khushyu, 1
banaana, 1
kamran, 24
baab, 1
palta, 1
fajar, 1
suniye, 1
lamba, 2
laye, 1
maloom, 1
aba, 3
da, 1
dekhon, 1
kea, 3
p, 1
motim, 1
nikalte, 1
nikalon, 1
kinare, 1
makhsoos, 3
labas, 1
milakamran, 1
buhra, 1
hunk, 2
khori, 3
sekha, 1
dain, 5
achibaat, 1
gita, 1
sekhaon, 1
shuro, 2
bataein, 1
yune, 1
guzarte, 1
kudorti, 1
thakuch, 1
barah, 1
kimati, 1
johari, 3
dokan, 1
mashalla, 1
pyara, 2
rakam, 2
kapre, 3
mokable, 4
hissa, 1
mokabla, 1
kimti, 1
pehnaya, 1
motion, 1
karwai, 1
kamyabi, 1
mokadar, 1
arbi, 4
dart, 2
burha, 2
sheer, 32
taqat, 1
war, 2
loomari, 7
dimag, 1
leet, 1
dhorti, 2
phunchi, 3
ghaoora, 1
awoon, 4
wazan, 1
hoomein, 1
phunchy, 5
bhanda, 1
lgai, 1
shabash, 1
dior, 2
waqi, 1
bahadur, 1
marty, 1
mullah, 11
naseer, 1
uddin, 1
gadha, 9
naya, 1
kharedny, 1
thag, 1
hathiany, 1
gadhy, 3
garden, 2
rasi, 2
sapurd, 1
galy, 3
subhan, 1
khareeda, 2
saksh, 2
ayy, 1
aqay, 1
adab, 3
suntan, 2
badwa, 1
farookhtkar, 1
kismati, 3
kharid, 2
rohaniyat, 1
musarat, 1
alam, 2
ayinda, 1
hameesha, 2
gustakhi, 1
thug, 1
salam, 1
ruksat, 1
hamsay, 1
kony, 1
bandha, 1
kan, 6
naseehat, 1
nafrat, 1
kosta, 1
badsorat, 1
dekhay, 2
hahaha, 1
bernay, 1
petya, 2
perha, 3
bejtay, 1
yaqeenan, 1
faheem, 7
lartay, 1
aahista, 3
lertay, 1
derwazay, 1
lernay, 1
sceen, 1
saleeha, 7
surgoeshya, 1
tabasum, 2
beghum, 2
nermeen, 1
khawand, 8
bahu, 3
talaash, 2
gharib, 1
geranay, 1
poachnay, 1
waajbi, 1
see, 4
chakal, 1
honi, 1
eklota, 1
hoor, 1
khoo, 1
bhae, 1
baati, 1
wajbi, 1
ajab, 1
kashish, 2
paeda, 5
chunkay, 1
maashi, 1
asmaan, 2
nachahtay, 2
gulmil, 1
perhana, 1
jhoot, 6
berti, 1
muskarati, 1
aakhain, 1
bayaan, 1
aakhar, 1
hamoshi, 1
muskarahat, 1
moskarahat, 1
dopeher, 1
ronay, 2
baytahasha, 1
chomnay, 1
saima, 12
not, 3
than, 2
got, 2
married, 2
aslam, 4
father, 2
of, 12
kids, 7
back, 2
when, 1
she, 32
was, 6
years, 1
old, 2
has, 4
knowledge, 1
agreed, 1
on, 1
getting, 3
currently, 1
mother, 1
months, 2
pregnant, 1
lives, 5
kachi, 1
abaadi, 1
near, 1
well, 1
known, 1
islamabad, 1
house, 3
can, 7
never, 5
owned, 1
by, 3
it, 5
property, 1
government, 1
but, 8
still, 1
pays, 1
rupees, 1
every, 1
month, 1
thinking, 1
will, 3
hers, 1
supported, 1
financially, 1
morally, 1
works, 1
at, 2
people, 1
s, 4
houses, 1
feed, 1
comes, 2
home, 5
after, 1
two, 1
beats, 1
up, 2
spoils, 1
goes, 2
place, 2
doesn, 4
t, 5
know, 3
divorced, 2
many, 5
times, 3
verbally, 1
engrossed, 1
other, 2
problems, 2
take, 4
seriously, 1
easy, 1
woman, 1
live, 7
alone, 2
our, 1
society, 2
brave, 1
enough, 1
does, 1
face, 1
tries, 1
handling, 1
them, 1
with, 6
tactics, 1
sometimes, 2
lies, 1
just, 1
stays, 1
quiet, 1
keep, 1
herself, 1
safe, 3
from, 2
evil, 1
monsters, 1
had, 3
lied, 1
everybody, 2
husband, 9
told, 3
neighbors, 1
work, 3
before, 1
dawn, 1
keeping, 1
into, 1
troubles, 1
religious, 1
scholar, 1
shock, 1
divorce, 1
gets, 3
final, 1
said, 2
been, 1
now, 3
unborn, 3
baby, 3
illegitimate, 2
sense, 1
worried, 3
being, 3
relationship, 2
person, 1
while, 1
busy, 1
figuring, 1
out, 3
should, 1
next, 1
came, 2
quite, 1
infuriated, 1
blamed, 1
gathered, 1
crowd, 1
refused, 1
accept, 1
way, 1
around, 1
fact, 1
monstrous, 1
started, 1
approaching, 1
harassing, 1
left, 1
where, 4
want, 2
anymore, 1
leave, 1
some, 1
legal, 2
action, 2
done, 1
rid, 2
him, 1
completely, 2
needs, 2
bring, 1
peacefully, 1
without, 2
harassed, 1
help, 2
ve, 1
ngo, 1
human, 1
right, 1
activist, 1
ask, 1
assistance, 1
shelter, 1
feels, 1
helpless, 1
talks, 1
aborting, 1
abandoning, 1
older, 1
children, 1
question, 1
remains, 1
peaceful, 1
life, 1
really, 1
able, 1
good, 1
nothing, 1
once, 1
dead, 2
real, 1
there, 2
messiah, 1
situation, 1
lakarhara, 5
kuhari, 1
lakrian, 3
katta, 3
kaj, 1
kunwan, 2
saky, 3
talaab, 10
kulhari, 1
mill, 2
jissy, 2
thandy, 1
lakar, 16
hary, 11
ghont, 2
kudrat, 1
peety, 1
jisam, 2
jhurian, 1
moun, 3
hara, 5
hata, 1
gayaiss, 1
thikana, 1
rha, 4
phankein, 1
kudta, 1
dari, 1
hoonphir, 1
tharoo, 1
thuk, 2
betho, 1
akeeli, 1
loon, 2
piyon, 1
utni, 1
jawon, 3
sochty, 1
pena, 1
kapron, 3
dhor, 1
chooti, 6
lipti, 1
qisa, 1
hooo, 1
bjay, 2
gaiagar, 1
thora, 2
petit, 1
jatimagar, 1
ranj, 1
bilak, 2
rony, 3
marta, 1
guod, 1
gamgein, 1
surat, 2
kasim, 18
nami, 1
dako, 1
dahsat, 1
magrib, 1
ath, 1
shar, 1
bety, 7
marny, 3
howakuon, 1
deni, 1
madrasy, 1
bandobast, 2
groo, 1
zary, 1
kharch, 2
bhijwata, 1
daky, 2
dalwaon, 1
deindar, 1
huliya, 1
tabdil, 1
apnythikany, 1
daka, 1
diwar, 2
dihan, 1
dekhy, 2
phati, 2
toba, 1
sathiuon, 1
purany, 3
zamany, 2
new, 2
kapry, 2
pehnany, 2
shook, 3
nat, 1
kapray, 3
mangwata, 1
darzi, 10
soot, 11
banana, 3
yjissy, 1
pahna, 1
seny, 2
darkhawast, 1
zyzda, 1
aqalmund, 1
sabar, 2
pemana, 1
labreez, 1
banany, 2
tiyari, 1
pheny, 2
sipahi, 2
bheejy, 1
ppata, 1
silai, 1
machine, 1
diyak, 1
ain, 1
saaalgira, 1
sipahiun, 1
kaisa, 1
bewaqoof, 3
jhooty, 1
kahlaein, 1
public, 1
kahqoon, 1
rozawa, 14
faeyk, 12
nikkah, 5
bachpun, 3
sheikhpura, 1
faslay, 1
gao, 1
ebtadae, 1
ghao, 1
haasil, 2
batha, 1
bejnay, 1
rukhsati, 1
zimdari, 1
zarorar, 1
elaahda, 2
zuban, 2
shikwa, 1
tenhae, 1
itnay, 2
bahaati, 1
karaar, 1
haqooq, 1
poray, 1
dond, 1
dupt, 1
chaey, 4
haatho, 1
sweet, 1
pendo, 1
picha, 1
panay, 1
beqaraar, 1
boal, 1
samjota, 1
sweetie, 3
ankhain, 1
row, 1
dishes, 1
waapsi, 1
pehnay, 1
pehnahi, 1
phansi, 1
bajay, 2
faek, 1
tamana, 1
paendo, 1
zameendar, 6
aasmaan, 1
jaahil, 1
samajdaar, 1
ujaala, 14
sindh, 1
gaou, 1
khandaan, 1
perhanay, 5
rawaj, 4
khaandaan, 8
rasmay, 3
paey, 2
kaafir, 1
banati, 1
chortay, 1
zaad, 2
donay, 1
ajaazat, 2
th, 2
perna, 2
khaan, 1
dani, 1
toar, 1
kitaabain, 1
katabain, 1
elaahida, 1
bund, 2
jostajo, 2
lahaasil, 5
aathwi, 2
private, 2
emtahaan, 2
f, 2
fiqra, 1
jostago, 1
sawaal, 1
teray, 1
tera, 1
tere, 1
yahi, 1
khaandan, 2
rasm, 2
rawaaj, 1
qatal, 1
quran, 10
card, 1
enkaar, 2
justajo, 2
intelegent, 2
bewaqof, 3
momin, 15
haytum, 1
pedaishi, 2
ayub, 7
yakin, 2
azma, 3
lomomin, 1
challeng, 1
phly, 1
nimat, 1
lon, 1
kahta, 1
auth, 1
chotian, 2
mamo, 3
producer, 1
thyjo, 1
dramy, 1
bajy, 1
tea, 1
eras, 1
piye, 1
manzar, 2
chunka, 2
bangly, 2
ghasety, 1
khirki, 1
bulany, 2
morny, 1
jaib, 1
chakoo, 1
chekha, 1
baba, 11
pela, 1
hiran, 10
jisy, 1
haqiqat, 2
shoting, 1
kr, 3
latak, 1
ainda, 1
bechargi, 1
wajid, 10
bayein, 1
bazon, 1
toot, 2
jorne, 1
apration, 1
mali, 1
kaarz, 1
paison, 1
souchta, 2
mosaxri, 1
banzs, 1
dekhaor, 2
inaam, 1
kismet, 2
azmani, 1
incharge, 1
form, 2
diake, 1
painting, 9
zaman, 5
jitana, 1
drawing, 1
oppration, 1
sakun, 1
mansoba, 1
isy, 2
teisy, 1
natejy, 2
ailan, 2
pidal, 1
mojood, 1
hall, 5
fesala, 2
nazrein, 1
kanoon, 3
nataij, 1
sabri, 1
dass, 1
millaaur, 1
trafi, 1
hiss, 1
koyeh, 1
kahna, 3
mubarik, 1
diky, 1
murad, 2
opretaionkarwa, 1
thaky, 1
jeeta, 1
thajab, 1
taj, 1
sajany, 1
kamiyab, 1
sawaera, 13
dera, 1
ghazi, 1
zameendaar, 4
sawaey, 1
jamatay, 1
unparh, 2
jamatain, 1
larkyo, 1
dalaanay, 1
perhnay, 2
saahib, 3
bhaeyo, 2
edher, 1
dertay, 1
perhatay, 1
bayhud, 2
detay, 3
zubaani, 1
panchwi, 1
daakhlay, 1
daakhla, 2
bejain, 1
sahib, 3
laadli, 2
omer, 1
khaandaani, 1
baej, 1
numbero, 1
bejna, 1
chahtay, 4
boak, 1
hertaal, 1
kerwa, 1
taqeed, 1
sharifana, 1
andaaz, 1
ma, 2
bagnay, 1
khaandani, 1
rasmo, 1
mutabie, 1
kulhaari, 1
baqaedgi, 1
khawahishmund, 1
perhi, 1
waaqaey, 1
baagi, 3
maday, 1
rakhtay, 3
betyo, 1
phaelnay, 1
anam, 7
laki, 1
wal, 1
galt, 1
adapt, 2
kamtar, 1
misbah, 4
dakil, 1
dendar, 1
gharany, 1
level, 1
ala, 2
rishwat, 1
jalny, 1
teacher, 6
shakseat, 1
mazmoon, 2
check, 1
cheery, 1
afsurdagi, 1
chai, 1
chahra, 1
khil, 1
sunany, 1
betab, 1
shakhseyat, 1
sadar, 1
acter, 1
sakhseeat, 3
profit, 1
w, 2
hazoor, 3
naksh, 1
dushman, 1
sadarbush, 1
khalbali, 1
mach, 1
misba, 2
samjhane, 1
garz, 1
galti, 3
sekhai, 1
mualman, 1
kesapord, 1
tarbyat, 1
kardar, 2
ameeri, 1
gareebi, 1
fokiat, 1
jahano, 1
hasal, 1
thilakin, 1
samajti, 1
pehnane, 1
akar, 1
nag, 1
alt, 1
rawiya, 1
rakhon, 1
parein, 2
ashar, 17
type, 2
interview, 1
munaasib, 1
huda, 15
lub, 2
ajub, 1
lerkyoun, 1
jaweriya, 1
muntakhib, 1
yaafta, 1
mamooli, 1
ghalti, 1
staff, 1
jirak, 1
rukna, 1
liay, 1
niklay, 1
mukhafil, 1
mercedes, 2
stop, 1
zehan, 1
akeli, 1
nakhaawista, 1
raok, 1
baethnay, 2
hichkachae, 1
address, 1
gulberg, 1
raeh, 4
utara, 1
gate, 1
takhti, 2
offices, 1
zehar, 1
file, 1
nurm, 1
dilshaad, 2
thapar, 2
maara, 1
oay, 2
hoay, 4
dharakay, 2
kahu, 2
cell, 2
ringtone, 4
gana, 4
unchi, 3
gaa, 2
lenay, 4
call, 16
attend, 2
chaeyay, 2
kitchen, 2
tumhi, 12
miltay, 6
khaer, 2
chorain, 2
batain, 3
kasa, 2
boring, 2
guzray, 4
bondi, 2
pehal, 2
faarigh, 2
baetha, 2
wrong, 4
friendship, 4
mazoona, 14
bezati, 2
shoaib, 16
misra, 6
chaaha, 4
kisum, 2
raday, 2
taqya, 2
qalaam, 2
shoain, 2
kehay, 2
pukaar, 2
bataati, 2
shaadeya, 2
humsafro, 2
aadatay, 2
khayaal, 2
nabeel, 4
maliha, 4
taaluk, 1
matwast, 1
giranay, 2
tours, 1
taleemyaafta, 1
uzair, 6
elaehda, 1
pakany, 1
cook, 1
safae, 1
driver, 1
rashk, 1
saabit, 1
saholato, 1
hawalay, 1
study, 1
haftay, 1
ganta, 1
ideal, 1
uz, 1
saalo, 1
buna, 2
off, 1
koakh, 1
fursat, 1
haqeeqi, 1
khokhali, 2
khushya, 2
asaesh, 1
tawajo, 2
kumyo, 1
gutnay, 1
susraal, 7
qaabil, 1
zimaydari, 1
nibaah, 1
sakay, 1
dermayaan, 1
waalda, 2
damaagh, 1
samany, 1
zimaydar, 1
soachnay, 1
nukar, 8
neek, 1
farma, 1
bardar, 1
hark, 2
shikayat, 1
admin, 4
imtehan, 1
loun, 2
taky, 5
nukaron, 1
bulayaor, 1
diyaor, 1
shakayat, 3
mangta, 1
pochta, 1
rawya, 1
lagata, 1
afsoso, 1
nazroon, 1
dosaroon, 1
taq, 1
jayaur, 1
janwaroon, 7
tehal, 1
joon, 1
fariyad, 1
domagar, 1
dhar, 1
emery, 1
afsoos, 1
lomari, 14
loota, 1
shart, 4
karien, 1
khubsurti, 2
naz, 1
khubsurati, 1
tariqa, 1
gahra, 1
garha, 4
khudein, 1
khoodna, 1
diaya, 1
zarafy, 2
bhaya, 2
kulhary, 1
kamaie, 1
diay, 2
bazurh, 1
kawy, 1
khaloo, 1
aaur, 1
kala, 4
manga, 1
kawoon, 1
garhy, 2
bichaie, 1
sardar, 1
boor, 1
kujhy, 1
khushki, 1
girny, 1
gayajungal, 1
khoof, 1
gayalomari, 1
gaon, 2
siju, 6
pinki, 1
pore, 1
masali, 1
mokhtalif, 1
pinky, 6
batameez, 1
jhagralo, 1
barish, 4
badlon, 2
wakfe, 2
garajne, 1
sasikne, 1
musafir, 1
bhoka, 1
bhoke, 1
hotel, 1
khylaein, 1
je, 1
ratti, 1
khalaon, 1
khilaya, 1
duaein, 1
mamu, 1
hadsa, 1
beyar, 1
kaheen, 1
wakya, 1
shakhs, 1
oehchan, 1
sarminda, 1
hadse, 1
g, 1
khob, 1
bachai, 2
rawaye, 1
aynda, 1
daf, 1
china, 1
assu, 3
bassu, 3
tesry, 2
tassu, 7
qasid, 1
letter, 1
teenoon, 1
loti, 1
beeti, 2
teenon, 9
lashkar, 2
shahzadoon, 3
adha, 1
tee, 1
intekhab, 1
suhana, 2
chalny, 4
lagyabhi, 1
hawaly, 1
tumthak, 1
lagylakin, 1
tasuu, 4
booj, 1
khargoosh, 4
iltaja, 2
nakal, 1
kharghoosh, 4
bill, 1
raham, 1
hari, 4
gaind, 9
gaib, 1
dosary, 1
mahal, 2
phonch, 1
shandar, 1
istaqbal, 1
rangein, 1
gaindein, 2
tesri, 1
meedan, 1
um, 1
phainkana, 1
giry, 1
gii, 1
yadd, 1
phainkein, 1
choopa, 1
bhagta, 1
shahzdi, 1
bachna, 1
waleed, 1
intekal, 1
pate, 4
palne, 1
mehnge, 1
khalono, 1
cycle, 1
chalate, 1
dekht, 1
khwish, 1
kash, 1
cheezein, 3
hotien, 1
paresan, 1
mini, 2
kehlone, 1
khelone, 1
khate, 1
khwahishat, 2
izhar, 1
kut, 1
lga, 1
kahoo, 1
khushiuon, 3
trasna, 1
jooton, 1
factory, 1
tankhawa, 1
frak, 1
churian, 1
muni, 1
lipat, 1
dhair, 3
bolty, 1
jayiss, 1
dinar, 5
jurmana, 2
bolny, 1
darny, 1
agr, 3
boolty, 1
pakry, 1
bhes, 1
uooz, 1
tajir, 1
tehra, 1
ajar, 1
tajar, 5
kagzat, 2
parhtal, 1
bian, 1
darj, 1
dohraye, 1
jawabat, 1
wazeer, 4
jarmana, 1
ayed, 1
sakari, 1
imandari, 1
samajta, 1
tamir, 1
karwaein, 1
manta, 3
nalaik, 1
oe, 1
ikhlaq, 1
jormane, 1
shamar, 2
kable, 1
adatain, 1
sekari, 1
pinjare, 2
kudh, 1
qeed, 1
dukandar, 10
guzarish, 1
mehrbani, 1
pinjary, 7
pyass, 1
phunchaon, 1
tars, 1
khawon, 1
piwon, 1
mujhynuqsan, 1
sakty, 1
wadha, 2
tumehin, 1
khawoon, 1
makhlooq, 1
jarein, 1
humein, 2
unth, 2
mukhalfat, 1
dekhoon, 1
mily, 1
mooqy, 1
toora, 1
yahein, 1
rahoo, 1
kursian, 6
nasir, 2
bolate, 1
thenasir, 1
nabina, 4
heart, 1
maharat, 1
talawat, 4
sunane, 1
kasbe, 1
takseem, 1
hind, 1
hangamain, 1
muslmano, 1
hijrat, 1
hifz, 2
shekhta, 1
potlian, 1
mashere, 1
fard, 1
bano, 1
parhana, 1
azmat, 1
hakumat, 1
baal, 4
lamby, 3
hajam, 11
laoo, 1
katwany, 1
bal, 1
katoo, 1
uthay, 1
bakry, 3
karaya, 1
hazam, 1
kuein, 3
macha, 1
raja, 2
bakray, 1
badkismati, 1
dhool, 5
chamra, 1
gila, 1
chamry, 1
pheel, 1
yakein, 1
salamt, 1
jumy, 1
sedha, 1
janat, 2
jalad, 1
lakrien, 1
zamindar, 9
lakriuon, 1
badly, 1
passon, 1
lakarhary, 1
bhoosy, 3
roie, 1
sky, 3
ansoo, 1
ansoon, 1
bony, 1
nikly, 1
bono, 1
nhikar, 1
necha, 1
majid, 11
sharer, 1
shahrarat, 4
cheezoon, 1
shahrart, 1
kaie, 1
choori, 1
safie, 1
suji, 1
stool, 3
chalangein, 2
lagany, 1
roka, 1
lagaty, 1
phisal, 1
takraya, 1
moch, 1
dard, 1
bandh, 1
bistar, 2
bethein, 1
tumein, 1
samjhya, 1
sakoo, 2
herj, 1
namat, 2
karin, 1
goor, 1
hamid, 7
zaheen, 4
pakrny, 1
waa, 1
gat, 1
sunaon, 1
ayunhoo, 1
sunaoo, 2
sonata, 1
mano, 4
bili, 4
tumghar, 1
nikalna, 1
lagny, 1
dekhaeik, 1
hypechy, 1
mur, 1
dark, 1
r, 1
chooty, 1
jawoon, 1
daddi, 1
theinor, 1
pakroon, 1
ilaan, 1
sawalon, 2
zimeendar, 1
darbar, 3
pouchy, 2
kis, 2
souch, 1
machali, 1
koyein, 1
gulaab, 1
hakim, 1
asool, 1
kade, 1
kaad, 2
malik, 2
guss, 1
darbarion, 1
majburan, 1
dharti, 1
janwaron, 1
inhesar, 1
kapas, 1
makhlok, 1
dhamnta, 1
kush, 1
j, 1
kibla, 1
rap, 1
rahun, 1
kheton, 1
khetibari, 1
charind, 1
parin, 1
khidmate, 1
khalk, 1
ikram, 1
paso, 1
fee, 1
samjhay, 1
phirtay, 1
mahsa, 14
larh, 1
taaya, 1
baatay, 1
aadatain, 1
position, 1
mba, 2
passing, 1
marks, 1
poach, 1
jagar, 1
nukchari, 1
khawahishmand, 1
sapna, 2
thanday, 1
mazaaj, 1
money, 2
aadi, 1
st, 1
division, 1
nakhasta, 1
tareqay, 1
nuqs, 1
nikaalti, 1
serious, 1
lugan, 1
tayaari, 1
grade, 1
maaray, 1
tution, 1
pooray, 1
punjab, 1
top, 1
mulq, 1
company, 2
baarish, 1
such, 1
napasand, 1
nazarandaaz, 1
buray, 1
chalain, 1
dantay, 1
khawaab, 1
baagay, 1
filhaal, 1
alaehda, 1
keraey, 1
tana, 1
methi, 2
chaahyay, 2
ghalt, 1
bagi, 3
nazro, 2
dedni, 1
taanay, 1
ghay, 1
wasi, 1
jathani, 1
baya, 1
beto, 1
mekay, 1
rou, 2
maafi, 1
guzaar, 1
chaahtay, 1
poachi, 1
tarbeyat, 1
sharjel, 1
read, 1
http, 1
www, 1
asian, 1
women, 1
magazine, 1
com, 1
category, 1
fun, 1
pochny, 1
papi, 3
kuty, 1
adekha, 1
kutya, 1
sardiunk, 1
kutyia, 1
kanp, 1
safed, 1
light, 1
brown, 2
color, 1
kutia, 1
apr, 1
machal, 1
uthe, 1
dekhaya, 1
masware, 1
bilo, 13
test, 1
bread, 1
doodh, 1
pilaya, 1
ahista, 2
paida, 1
piary, 1
white, 1
thaw, 1
mazz, 1
katna, 1
waqar, 1
murda, 1
sanp, 2
mandlaty, 1
zahar, 1
itefaq, 1
surate, 1
chunky, 1
roty, 1
chilaty, 1
ankh, 1
panja, 1
insanoo, 1
phunchya, 1
balky, 1
ass, 1
elaqy, 1
bhensoon, 1
tahum, 1
kati, 1
bandooq, 1
motor, 1
bike, 1
draz, 1
elaqoon, 1
zakhmoon, 1
jaraceim, 1
tooty, 1
tooton, 1
phal, 1
khilata, 1
uthoo, 1
karwat, 1
leeta, 1
parhoo, 1
banoo, 1
shumar, 1
shahrarti, 1
parosi, 1
shakyat, 1
danty, 1
essmbli, 1
urata, 1
miss, 6
phank, 1
ilzam, 1
shamat, 1
zorr, 1
likhny, 1
ura, 1
ustani, 1
teez, 1
bhejny, 1
herkat, 1
gajub, 1
maf, 1
ny, 1
bjaijaisy, 1
bjai, 1
crunt, 1
gayaali, 1
beikhtyar, 1
mangiky, 1
laiq, 1
, 1
